step,loss,grad_norm,sigma_min,sigma_mean,rho_max,rho_min,rho_mean,eos_mean
0,3.9924325942993164,2.1404194831848145,0.34161901473999023,1.0189787149429321,0.777241587638855,-0.777241587638855,-0.018367145210504532,0.5065352916717529
